"SwipePad.xyz",83,1009580,0,13,283,"refistarter.org","['github:refi-starter','twitter:refistarter']"
"Numo",78,22605,0,45,79,"abapays.com","['github:0xoucan','twitter:0xoucan']"
"DeSci Asia",73,10235,0,20,87,"","[':']"
"Gig Jar",73,6950500,0,10,309,"buidlersclub.org","['github:ozkite','twitter:buidlersclub']"
"Gardens",72.32,10491,0,23,413,"gardens.fund","['github:1hive']"
"rotki",72,275628,0,18,517,"","[':']"
"ReFi Medellín - First Colombian Node of ReFiDAO responsible for promoting ReFi projects in Medellín.",71,50131,0,16,311,"refimedellin.org","['email:admin@refimedellin.org','github:refimedellin','twitter:refimedellin']"
"Interplanetary Network Indexers",69,440000,0,2,282,"","[':']"
"Intel",68,615,0,20,81,"","[':']"
"Mónica Talán",67,54731,0,4,505,"cryptoconexion.com","['twitter:cryptoconexion']"
"Treetino & Certino Protocol",66,220000,0,0,21,"treetino.com","['twitter:jakublustyk23']"
"dHedge",66,850000,0,3,682,"dhedge.org","['twitter:dhedgeorg']"
"EAS Dev Tools",65,50000,0,17,542,"attest.org","['twitter:eas_eth']"
"MotusDAO Dapp",63,400,0,7,202,"agents.motusdao.org","['github:motus-dao','twitter:motusdao']"
"ZeroTx",63,5044,0,98,189,"chesspuzzles.xyz","['github:0xedev','twitter:adsbazaar5']"
"Silvi",63,12356,0,17,283,"","[':']"
"OpenLitterMap Real-Time In-World Gamification Syst",63,30000,0,7,283,"openlittermap.com","['twitter:littercoin']"
"Esusu",63,13143,0,19,211,"esusuafrica.com","['github:emiridbest','twitter:emiridbest']"
"3 Wheeler Bike Club",63,13003,0,13,315,"3wb.club","['github:3-wheeler-bike-club','twitter:3wbclub']"
"GoodDollar",63,14958,0,7,337,"gooddollar.org","['twitter:gooddollarorg']"
"CharmVerse",62,50000,0,4,533,"charmverse.io","['github:charmverse','twitter:charmverse']"
"CoindPay",59,153906,0,3,682,"","[':']"
"ETHealth",58,54,0,10,222,"","[':']"
"GreenPill Global",58,3500,0,28,253,"greenpiil.network","['twitter:greenpillboston']"
"Funding the Commons",58,3398,0,14,283,"","[':']"
"CeloSusu",58,0,0,10,272,"","[':']"
"FaucetDrops",58,2450,0,17,299,"faucetdrops.io","['email:drops.faucet@gmail.com','github:jerydam','twitter:faucetdrops']"
"Mi Costa de Oro",58,2200,0,16,283,"gap.karmahq.xyz","['email:info@karmahq.xyz','github:orgs','twitter:kmllcw3']"
"BMedia",58,0,0,19,283,"borderless.cryptosmartnow.io","['twitter:_karlagod']"
"Hairdo",58,696,0,15,275,"famile.xyz","['email:hello@famile.xyz','email:care@famile.xyz','email:partners@famile.xyz','github:thisyearnofear','twitter:papajimjams']"
"Zingo Labs Hackfest",58,0,0,37,204,"","[':']"
"Splitva",58,729,0,20,180,"trynoah.ai","['github:chigozie0706','twitter:chigoziejacob1']"
"GreenSofa",58,5938,0,11,202,"","[':']"
"GainForest",58,9467,0,31,211,"","[':']"
"Giveth Matching Pool",57,427878,0,6,475,"","[':']"
"Ybirá",57,100,0,39,475,"agroforestdao.web.app","['twitter:agroforestdao']"
"Regens Unite",57,24041,0,20,534,"","[':']"
"2lambro",57,20000,0,6,533,"desci.world","['email:admin@desci.world','email:your@email.com','email:josh-stage@1.5x.jpeg','github:desciworlddao','twitter:2lambro']"
"EcoSynthesisX DAO",57,13417,0,15,534,"","[':']"
"Earth Commons",57,4409,0,6,582,"","[':']"
"Hypercerts Foundation",57,13979,0,14,542,"","[':']"
"TAS",57,0,0,3,28,"techandsun.xyz","['twitter:techandsun_ng']"
"EthStaker",57,10299,0,15,612,"","[':']"
"Bankless Academy",57,2864,0,10,517,"","[':']"
"Layer2DAO",56,300000,0,1,892,"layer2dao.org","['github:layer2dao','twitter:thelayer2dao']"
"Fairmint",56,250000,0,1,892,"","[':']"
"Messari",56,365000,0,1,892,"messari.io","['twitter:messaricrypto']"
"Mālama Labs Inc.",56,240000,0,0,240,"malamalabs.com","['email:hello@malamalabs.com','email:tyler@malamalabs.com','twitter:malamalabs']"
"Tally Ho",56,400000,0,1,892,"tallyho.cash","['email:your@email.com','github:tallycash','twitter:tallycash']"
"FlowState",55,9697,0,15,384,"flowstate.network","[':']"
"Pairwise: Simplifying Choices, Amplifying Voices",55,6429,0,13,542,"pairwise.generalmagic.io","['twitter:generalmagicio']"
"Regenerative | Insights & Liquidity",55,8226,0,4,337,"regenerative.fi","['twitter:regenerativefi']"
"Week in PGF",55,4197,0,12,517,"paragraph.xyz","['twitter:eisodosmedia']"
"IPNI: Interplanetary Network Indexer",54,0,0,2,57,"","[':']"
"Forest - an efficient and lightweight Filecoin Node",54,0,0,2,57,"","[':']"
"HUB Portal Chat",53,0,0,7,308,"","[':']"
"Helpio",53,0,0,7,284,"helpio.onrender.com","['github:deshadev']"
"Wayst Recycling",53,0,0,5,318,"waystrecycling.com","['github:wayst-recycling','twitter:recycleoncarus']"
"IDRA",53,0,0,10,304,"","[':']"
"GM on Celo",53,0,0,5,279,"","[':']"
"Cosmic",53,0,0,13,281,"","[':']"
"FREEDAM",53,0,0,22,283,"notion.so","['twitter:0xurbanika']"
"Irthu",53,0,0,22,283,"atlantisp2p.com","['github:atlantisdao1','twitter:atlantis_p2p']"
"CeloColombia DeFi Bootcamp",53,0,0,7,314,"cold-briu.github.io","['github:augustoalegon','twitter:alexiismarz']"
"VoiceDeck",53,0,0,6,317,"app.voicedeck.org","['twitter:voicedeckdao']"
"AgroforestDAO",53,0,0,18,196,"","[':']"
"ReFi Barcelona",53,0,0,5,195,"","[':']"
"Titanium-Solar Interaction Protocol",53,120000,0,1,413,"","[':']"
"Afo",52,56,0,6,490,"warpcast.com","['github:sogobanwo','twitter:greenpill']"
"Know Your Human",52,0,0,3,178,"communitysustainability.ca","['github:explorience','twitter:heenalr']"
"Gravity DAO",52,6027,0,7,517,"","[':']"
"Have I Been Rekt?",52,0,0,6,533,"beenrekt.com","['twitter:climaterace']"
"ReFi Mexico",52,3612,0,8,510,"refimexico.org","['github:refimexico','twitter:refimexico']"
"Rankify",52,72,0,9,497,"peeramid.network","['github:peeramid-labs','twitter:peeramid_labs']"
"DeSci LATAM",52,4990,0,12,533,"descilatam.org","['twitter:descilatam']"
"Closer - Digital access to co-owned villages",52,179,0,5,483,"closer.earth","['email:space@traditionaldreamfactory.com','email:john@doe.com','email:team@closer.earth','github:closerdao','twitter:closerearth']"
"Kolektivo Network",52,1802,0,8,532,"","[':']"
"Citizen Wallet",52,24,0,8,430,"citizenwallet.xyz","['twitter:citizenwallet']"
"Open Source Observer",52,4587,0,14,451,"","[':']"
"GlidePay",52,57,0,7,381,"glide-pay.onrender.com","['github:edcode-bot','twitter:rockchain_9']"
"Wildcards Protocol",51,45000,0,3,682,"wildcards.wtf","['twitter:wildcardswtf']"
"Compound Community Portfolio",51,12500,0,1,283,"compcomm.club","[':']"
"Decentralized Cleanup Network",51,12739,0,3,537,"","[':']"
"Ankr - Filecoin Public Endpoint Infrastructure",51,0,0,1,65,"","[':']"
"ReFi DAO | Unlocking a Global Regen CoordiNATION",51,13601,0,2,542,"","[':']"
"Focus Pet",51,0,0,1,79,"focus-pet.xyz","['github:0xolivanode','twitter:focuspet4062']"
".sdvs",50,0,0,4,333,"","[':']"
"Hypercert",50,0,0,5,638,"","[':']"
"Vibo",50,0,0,4,285,"nanopay.live","['github:mbarbosa30','twitter:vibomarket']"
"Atlantis World",49,50000,0,1,892,"atlantis.world","['twitter:atlantis0x']"
"Another World",49,50000,0,1,892,"anotherworld.gg","['twitter:anotherworlddao']"
"Diamante Bridge Collective",49,80089,0,1,748,"","[':']"
"ETH Pura Vida",49,3500,0,2,280,"","[':']"
"Cos72",49,2000,0,4,572,"aastar.io","['twitter:aastarcommunity']"
"Extra Finance",49,104000,0,1,892,"app.extrafi.io","['twitter:extrafi_io']"
"Crypto Commons Association",49,5484,0,2,238,"","[':']"
"chatWallet",49,500,0,4,537,"chatwallet-x.web.app","['email:emn178@gmail.com','twitter:xunorus']"
"Rubicon",49,1100000,0,2,882,"","[':']"
"VUC",48,0,0,0,55,"","[':']"
"Greenpill Dev Guild",48,13544,0,20,130,"","[':']"
"Ecofrontiers",48,16530,0,17,283,"ecofrontiers.app","['twitter:ecofrontiers']"
"Grassroots Economics",48,21424,0,6,294,"","[':']"
"Impact Evaluation Foundation (IEF.wiki)",48,13000,0,2,682,"ief.wiki","['email:hello@ief.wiki','twitter:danielofanu']"
"Petition.io",48,0,0,0,64,"petition.io","['twitter:petitionio']"
"Ethereum Attestation Service",48,12537,0,2,517,"","[':']"
"ReFi Medellin",48,25159,0,2,542,"","[':']"
"ReFi Nairobi",48,0,0,6,759,"solarpunknomads.xyz","['twitter:refinairobi']"
"GEN Ukraine",48,12800,0,9,226,"genukraine.com.ua","['email:genukraine2018@gmail.com','twitter:gen_ukraine']"
"HealFi",48,25,0,6,317,"","[':']"
"Ama Earth Group",47,0,0,7,682,"","[':']"
"Earthist Seeds for Regeneration",47,0,0,15,517,"earthist.network","['email:regen@earthist.network','github:orgs','twitter:earthistdao']"
"Onchain data for Sei Games",47,0,0,6,407,"dune.com","['github:duneanalytics','twitter:p_petertherock).']"
"Landia",47,0,0,6,682,"landia.world","['twitter:landiaregen']"
"MetaGov",47,0,0,12,542,"metagov.org","[':']"
"ReFi Prague",47,0,0,23,470,"refidao.com","['twitter:daliborcerny']"
"Kernel",47,0,0,6,598,"kernel.community","['twitter:body_by_onio']"
"ReFi Phangan - Land, Community & Web3 Impact",47,0,0,10,494,"","[':']"
"Carmine Finance",47,0,0,5,682,"carmine.finance","['twitter:carmineoptions']"
"BetOracle",47,0,0,3,180,"","[':']"
"BrightID",47,0,0,8,535,"brightid.org","[':']"
"Web3beach",47,0,0,6,713,"web3beach.io","['twitter:carlosjmelgar']"
"Astro DAO",47,0,0,6,505,"hub.xyz","['email:hello@hub.xyz','twitter:astroguysdao']"
"ApeWorX",47,0,0,5,537,"apeworx.io","['twitter:apeframework']"
"Towards Symbiocracy",47,0,0,5,524,"kumu.io","['email:name@company.com','email:support@kumu.io','twitter:symbioorg']"
"ReFi Cape Town",47,0,0,5,533,"reficapetown.co.za","['twitter:reficapetown']"
"PizzaDAO",47,0,0,5,612,"","[':']"
"LunCo: complex systems design",47,0,0,12,534,"lunco.space","['email:contacts@lunco.space','github:luncosim','twitter:luncosim']"
"Praise",47,0,0,18,638,"givepraise.xyz","[':']"
"Meg Rivers Regen Citizen",47,0,0,5,682,"bloomnetwork.earth","['email:community@bloomnetwork.earth','twitter:ourbloomnetwork']"
"Realize It",47,0,0,8,682,"badges.zenbit.mx","['twitter:kolektivolabs']"
"UPstore",47,0,0,11,517,"luckybet.pink","['twitter:arattalabs']"
"Layer3",47,11027,0,2,981,"","[':']"
"Project OSISI",47,0,0,11,524,"osisi.earth","['twitter:refilagos01']"
"Project Merlin",47,75000,0,2,279,"projectmerlin.io","['twitter:projectmerlinio']"
"MesoReefDAO ~ Regenerating Reef Conservation with DeSci Web3 tools",47,0,0,20,534,"","[':']"
"BÚAN_fund",47,0,0,5,532,"ethereumlocalism.xyz","['email:etherealforest.eth@protonmail.com','twitter:desciresearch']"
"Trustful",47,0,0,6,682,"blockful.io","['twitter:blockful_io']"
"Chatafisha",47,0,0,11,533,"chatafisha.com","['twitter:chatafisha']"
"RegenBuild",47,0,0,7,682,"regenbuild.earth","['twitter:regen_earthsoul']"
"FORK FOREST",47,0,0,7,524,"forkdaogov.xyz","['twitter:forkdaoes']"
"Latina Blockchain Hackathon",47,5000,0,3,825,"hiwomenbiz.com","['twitter:hiwomenbiz']"
"AsteriskDAO",47,0,0,6,533,"asteriskdao.xyz","['twitter:asteriskdao']"
"$EARTH - Oss",47,0,0,19,537,"solarpunkdao.earth","['twitter:so']"
"Kokonut Onchain Network",47,0,0,12,470,"kokonut.network","['github:wasalo']"
"Pairwise",47,0,0,14,533,"pairwise.vote","['twitter:pairwisevote']"
"Sweetspot.wtf",46,365,0,3,533,"sweetspot.wtf","['github:handprotocol','twitter:hand_protocol']"
"web3radio",46,0,0,3,537,"radio.spaghett-eth.com","['twitter:spaghetteth']"
"WashikaDAO",46,1000,0,3,537,"washikadao.on-fleek.app","['github:neda-labs','twitter:nedalabs']"
"Helios (HLSP)",46,0,0,8,839,"helios.eco","['email:team@helios.eco']"
"EAS Pulse",46,3523,0,3,533,"","[':']"
"Open Collective",46,0,0,3,505,"opencollective.com","['email:johndoe@gmail.com','twitter:opencollect']"
"Unicorn.eth",46,1490,0,3,517,"","[':']"
"Regen Bazaar",46,30,0,2,498,"regenbazaar.com","['email:info@regenbazaar.com','github:regen-bazaar','twitter:regenbazaar']"
"Gaia Gives",46,14443,0,1,20713,"","[':']"
"Unma",46,1,0,1,354,"","[':']"
"Ayowecca Uganda : Regenerative Agric practices and climate education in Uganda",45,18500,0,18,421,"ayoweccauganda.org","['github:ayowecca-uganda-byte','twitter:ayowecca_uganda']"
"Gitcoin",45,13749,0,8,598,"","[':']"
"Blockchain CO2e Emissions Calculator",45,2300,0,4,759,"mentholprotocol.com","[':']"
"Green Goods",44.36,0,0,0,337,"","[':']"
"The Ethernaut",44,0,0,4,530,"ethernaut.openzeppelin.com","['twitter:openzeppelin']"
"QuBit Wallet",44,50000,0,1,198,"","[':']"
"Ajo 🌍",44,0,0,2,315,"","[':']"
"CHOICE iD",44,0,0,2,239,"choice.lgbt","['twitter:choicelgbt']"
"ABSystem",44,0,0,2,332,"","[':']"
"Nauti AI",44,0,0,2,321,"","[':']"
"Suno",44,0,0,1,318,"suno.finance","['email:info@suno.finance','twitter:suno_finance']"
"Iggy Social",44,0,0,4,535,"iggy.social","['twitter:iggysocial']"
"ArbitrumNews DAO",44,10000,0,2,770,"","[':']"
"Jardim Aromático",44,0,0,4,512,"hackmd.io","['email:u003epress@hackmd.io','email:you@company.com','twitter:thenerdlabs']"
"Loyalty Rewards",44,0,0,2,211,"","[':']"
"ImpactMarketMaker",44,0,0,2,321,"a7zmd-bqaaa-aaaag-auhca-cai.icp0.io","['github:gerryalvrz']"
"Prosperity Pass",43,6740,0,5,283,"pass.celopg.eco","['twitter:celopublicgoods']"
"KOKO DAO saving forests in Colombia",43,0,0,6,839,"kokodao.xyz","[':']"
"Drivyx ESG",43,0,0,9,734,"","[':']"
"Trusted Seed Mentorship Program",43,0,0,6,735,"trustedseed.org","['twitter:trustedseed']"
"Wasset",43,0,0,7,734,"wasset.io","['twitter:wassetltd']"
"Rifai Sicilia",43,1949,0,11,197,"","[':']"
"Greenpill Brasil",43,2841,0,16,253,"","[':']"
"Regen Eliza",43,1420,0,6,197,"regeneliza.com","['email:contact@regeneliza.ai','github:regen-eliza']"
"DeepVenture.io",43,0,0,7,734,"deepventure.io","['twitter:deepventureio']"
"PrediKt",43,1100,0,8,297,"","[':']"
"VOCDONI - A public good for secure decentralized voting",43,4467,0,2,542,"","[':']"
"Beyond Fossil Fuels - Supporting Indigenous legal efforts to STOP fossil fuel infrastructure",43,0,0,5,870,"","[':']"
"Digipaga.com",43,63,0,7,309,"digipaga.com","['github:digimercados']"
"Mirror",43,0,0,5,734,"","[':']"
"ReFi Colombia",43,5000,0,5,253,"","[':']"
"Litter Token",43,0,0,5,759,"littertoken.xyz","[':']"
"MesoReefDAO - Regenerating Reef Conservation with DeSci",43,1917,0,2,542,"","[':']"
"Commons Stack",42,15332,0,7,542,"","[':']"
"Collabberry",42,2766,0,6,466,"","[':']"
"Sharkwatch Cozumel — Open Megafauna Observatory",42,40146,0,3,244,"marsustentable.org","['email:nadia@marsustentable.org','twitter:marsustentable']"
"Glo Dollar",42,11323,0,13,682,"","[':']"
"DeFiHackLabs",41,20197,0,1,20713,"","[':']"
"Lottery Of The People",41,13764,0,1,20713,"","[':']"
"The Hill",41,0,0,3,682,"coralconnect.life","['twitter:coral__connect']"
"ReFi Atlántico",41,0,0,3,729,"","[':']"
"VEG21 Vegan Challenges and Tokenized Recipes",41,0,0,1,331,"","[':']"
"Web3beach accelerating web3 adoption in LatAm",41,4779,0,1,20713,"","[':']"
"Aura.Farm",41,0,0,1,296,"","[':']"
"Magic Alchemy",41,12400,0,1,20713,"","[':']"
"GreenpillKenya",41,0,0,0,190,"","[':']"
"Tide Protocol",41,40000,0,1,892,"landing.tideprotocol.xyz","['github:fiveelementslabs','twitter:tide_web3']"
"SiBorg",41,10398,0,1,20713,"","[':']"
"TechFusion",41,182000,0,0,211,"facebook.com","[':']"
"Cairn",41,0,0,1,283,"","[':']"
"OSkey",41,0,0,1,283,"","[':']"
"Regen Claims Engine <--> Ethereum Intents Bridge",41,11679,0,1,20713,"","[':']"
"W3I Network Graph",41,0,0,1,283,"w3i.network","['email:support@w3i.network']"
"Arx Protocol",41,0,0,1,296,"","[':']"
"First choice coin Dao",41,27844,0,1,20713,"","[':']"
"Bridging Inequality with Innovation",41,34009,0,1,20713,"","[':']"
"Upe Impact",41,0,0,3,682,"u.pe","['email:support@u.pe','twitter:upelocal']"
"Emprende DAO",41,13977,0,1,20713,"","[':']"
"Cyfrin Updraft",41,19531,0,1,20713,"","[':']"
"ReFi Tanzania: Solar Saving Circles for Sustainable Energy Independence, Financial Sovereignty & Community Resilience",41,0,0,1,294,"","[':']"
"SandBlock",41,0,0,1,233,"","[':']"
"Chingadrop.xyz",41,0,0,3,378,"","[':']"
"Celo Nouns Club",41,0,0,1,359,"","[':']"
"Frutero Club",41,0,0,1,253,"frutero.club","['twitter:fruteroclub']"
"ReFi yield powered Yield-Bearing Stablecoin",41,0,0,1,318,"","[':']"
"Sup Wallet - Use WhatsApp as a Wallet",41,17748,0,1,20713,"","[':']"
"Celo DAO Voting Platform Arabia",41,0,0,1,288,"ibrahimnazzier.github.io","['github:ibrahimnazzier']"
"Relay Funder",41,0,0,1,233,"relayfunder.com","['github:relay-funder','twitter:relayfunder']"
"Extrafi",41,0,0,1,336,"","[':']"
"Ninit",41,0,0,3,682,"ninit.xyz","['email:ninitnetwork@proton.me','twitter:ninitnetwork']"
"Fronk World",41,11798,0,1,20713,"","[':']"
"DAO.Archi",41,0,0,1,283,"dao.archi","[':']"
"Cartagena Onchain",41,0,0,1,253,"","[':']"
"Impact Certificate Minter (ICM)",41,0,0,1,318,"","[':']"
"The Community Video Channel",41,1339,0,1,20713,"","[':']"
"HashCase",41,17634,0,1,20713,"","[':']"
"Jerri.wtf",41,0,0,3,682,"donnylewis.com","['email:info@donnylewis.com','twitter:jerri_nft']"
"Signvrse: AI-Powered Sign Language Communication",41,0,0,1,196,"signvrse.com","['twitter:signvrse']"
"WFF: Verifiable Governance Engine",41,0,0,1,290,"","[':']"
"bmy.guide",41,300000,0,1,772,"about.bmy.guide","[':']"
"Echo-DAO",41,0,0,1,295,"saptarshimondal-portfolio.app","[':']"
"DaoTao",41,0,0,3,682,"app.buidlbox.io","['email:founder@hackquest.io','twitter:daotao23']"
"decentralized-builders-academy",41,0,0,1,320,"","[':']"
"Ocean Protocol",41,38000,0,1,892,"oceanprotocol.com","['twitter:oceanprotocol']"
"Let's GROW DAO",41,0,0,3,677,"letsgrow.network","['twitter:jimicohen']"
"Stylide",41,0,0,3,730,"dapp.solide0x.tech","['twitter:solideproject']"
"LunCo - Everyone Can Do Space",41,15211,0,1,20713,"","[':']"
"Arenium",41,0,0,3,377,"arenium.social","['github:arenium-social','twitter:thearenium']"
"CCOP Multi-Sig - Bootcamp Celo",41,0,0,1,357,"","[':']"
"Pollverse",41,0,0,1,305,"","[':']"
"Celo Colombia Faucet",41,0,0,1,287,"faucet.celocolombia.org","['twitter:celo_col']"
"ZecHub",41,0,0,1,204,"","[':']"
"DeVouch: Decentralized Verification and Reputation.",41,10414,0,1,20713,"","[':']"
"Metronomo",41,22500,0,1,892,"metronomo.xyz","['twitter:metronomo_xyz']"
"Human Passport",41,18972,0,1,20713,"","[':']"
