"SwipePad.xyz",83,2019080,0,15,283,"refistarter.org","karma-gap",0.8,0.4,"Regenerative approach, decentralized marketplace, and grants for tokenization","['github:refi-starter','twitter:refistarter']","fund:2019080 recency:283d grants:15 src:1"
"Numo",78,22605,0,45,79,"abapays.com","karma-gap",0.2,0.8,"Lack of technical expertise in ReFi/regenerative dev","['github:0xoucan','twitter:0xoucan']","fund:22605 recency:79d grants:45 src:1"
"FilPonto",77,1000000,0,3,57,"","karma-gap",0,0,"","[':']","fund:1000000 recency:57d grants:3 src:1"
"DeSci Asia",73,10235,0,20,87,"","artizen-s7",0,0,"","[':']","fund:10235 recency:87d grants:20 src:1"
"Gig Jar",73,13901000,0,12,309,"buidlersclub.org","karma-gap",0.2,0.8,"Limited environmental focus, significant technical needs, and some funding available","['github:ozkite','twitter:buidlersclub']","fund:13901000 recency:309d grants:12 src:1"
"rotki",72,275628,0,18,517,"","giveth",0,0,"","[':']","fund:275628 recency:517d grants:18 src:1"
"ReFi Medellín - First Colombian Node of ReFiDAO responsible for promoting ReFi projects in Medellín.",71,100131,0,17,311,"refimedellin.org","karma-gap",0.8,0.4,"Promotes sustainable future, but lacks tech expertise, has some funds","['email:admin@refimedellin.org','email:admin@refimedellin.org','github:refimedellin','twitter:refimedellin','email:admin@refimedellin.org']","fund:100131 recency:311d grants:17 src:1"
"Interplanetary Network Indexers",69,440000,0,2,282,"","karma-gap",0,0,"","[':']","fund:440000 recency:282d grants:2 src:1"
"Intel",68,615,0,20,81,"","karma-gap",0.2,0.8,"Limited environmental focus, but potential for growth; significant technical needs; mixed funding situation","[':']","fund:615 recency:81d grants:20 src:1"
"Mónica Talán",67,54731,0,4,505,"cryptoconexion.com","karma-gap",0.2,0.8,"Limited environmental focus, significant technical needs, moderate financial resources","['twitter:cryptoconexion']","fund:54731 recency:505d grants:4 src:1"
"dHedge",66,850000,0,3,682,"dhedge.org","karma-gap",0.8,0.4,"Early project, needs optimization, has funds for dev work","['twitter:dhedgeorg']","fund:850000 recency:682d grants:3 src:1"
"Treetino & Certino Protocol",66,220000,0,0,21,"treetino.com","karma-gap",0.8,0.4,"Sustainable energy innovation, moderate tech needs, and funding","['twitter:jakublustyk23']","fund:220000 recency:21d grants:0 src:1"
"All For Climate",65,387008,0,3,888,"allforclimate.earth","karma-gap,opencollective",0,0,"","['email:hello@readymag.com','email:support@readymag.com','email:edu@readymag.com','email:support@readymag.com','email:edu@readymag.com','email:hello@readymag.com','email:support@readymag.com','email:edu@readymag.com','twitter:all4climatedao','email:hello@readymag.com']","fund:387008 recency:888d grants:3 src:2"
"EAS Dev Tools",65,50000,0,17,542,"attest.org","karma-gap",0,1,"Improves attestation explorer, enhances dev experience","['twitter:eas_eth']","fund:50000 recency:542d grants:17 src:1"
"Silvi",63,12356,0,17,283,"","giveth",0,0,"","[':']","fund:12356 recency:283d grants:17 src:1"
"Esusu",63,13143,0,19,211,"esusuafrica.com","karma-gap",0.8,0.6,"AI-powered oracle and trading agent, decentralized application","['github:emiridbest','twitter:emiridbest']","fund:13143 recency:211d grants:19 src:1"
"3 Wheeler Bike Club",63,13003,0,13,315,"3wb.club","karma-gap",0.8,0.9,"Blockchain protocol for sustainable transportation","['github:3-wheeler-bike-club','twitter:3wbclub']","fund:13003 recency:315d grants:13 src:1"
"GoodDollar",63,14958,0,7,337,"gooddollar.org","karma-gap",0.8,0.6,"Sustainable UBI, but unclear environmental impact","['twitter:gooddollarorg']","fund:14958 recency:337d grants:7 src:1"
"ZeroTx",63,5044,0,98,189,"chesspuzzles.xyz","karma-gap",0.2,0.8,"Limited environmental focus, requires technical expertise, and has some funding","['github:0xedev','twitter:adsbazaar5']","fund:5044 recency:189d grants:98 src:1"
"OpenLitterMap Real-Time In-World Gamification Syst",63,30000,0,7,283,"openlittermap.com","karma-gap",0.8,0.4,"Aligns with environmental goals, requires technical expertise, and has some funding","['twitter:littercoin']","fund:30000 recency:283d grants:7 src:1"
"MotusDAO Dapp",63,3100,0,10,202,"agents.motusdao.org","karma-gap",0.4,0.8,"Blockchain-based UHC system, mental health platform","['github:motus-dao','twitter:motusdao']","fund:3100 recency:202d grants:10 src:1"
"CharmVerse",62,50000,0,4,533,"charmverse.io","karma-gap",0.8,0.9,"Token communities, grant funding, and dev needs","['github:charmverse','twitter:charmverse']","fund:50000 recency:533d grants:4 src:1"
"DefiLlama",62,300000,0,7,682,"","karma-gap",0,0,"","[':']","fund:300000 recency:682d grants:7 src:1"
"Water Sector Governance and Infrastructure Support Project",61,70055520,0,1,20713,"","worldbank",0,0,"","[':']","fund:70055520 recency:20713d grants:1 src:1"
"libp2p",61,3307800,0,1,123,"libp2p.io","karma-gap",0,0,"Funding and existing infrastructure for decentralized applications","['email:security@libp2p.io','email:security@libp2p.io','twitter:libp2p','email:security@libp2p.io']","fund:3307800 recency:123d grants:1 src:1"
"Blockscout Open-Source Block Explorer",60,54465,0,10,517,"","giveth",0,0,"","[':']","fund:54465 recency:517d grants:10 src:1"
"CoindPay",59,153906,0,3,682,"","giveth",0,0,"","[':']","fund:153906 recency:682d grants:3 src:1"
"Velodrome Finance",59,250000,0,2,274,"","karma-gap",0,0,"","[':']","fund:250000 recency:274d grants:2 src:1"
"Curio Storage",59,500000,0,2,204,"","karma-gap",0,0,"","[':']","fund:500000 recency:204d grants:2 src:1"
"Alchemix",59,250000,0,2,118,"","karma-gap",0,0,"","[':']","fund:250000 recency:118d grants:2 src:1"
"CeloSusu",58,0,0,10,272,"","karma-gap",0.8,0.4,"Regenerative focus, but unclear dev needs and limited funds","[':']","fund:0 recency:272d grants:10 src:1"
"ETHealth",58,54,0,10,222,"","karma-gap",0.8,0.6,"ETHealth integrates virtual healthcare with stablecoin payments, FarmBlock promotes sustainable agriculture, Infinite focuses on decentralized foreign exchange","[':']","fund:54 recency:222d grants:10 src:1"
"GreenPill Global",58,3500,0,28,253,"greenpiil.network","karma-gap",0.8,0.4,"Climate-focused public goods program with some environmental alignment","['twitter:greenpillboston']","fund:3500 recency:253d grants:28 src:1"
"Funding the Commons",58,3398,0,14,283,"","giveth",0,0,"","[':']","fund:3398 recency:283d grants:14 src:1"
"GainForest",58,9467,0,31,211,"","giveth",0,0,"","[':']","fund:9467 recency:211d grants:31 src:1"
"BMedia",58,0,0,19,283,"borderless.cryptosmartnow.io","karma-gap",0.8,0.4,"Arbitrum ecosystem, community building, devrel, education","['twitter:_karlagod']","fund:0 recency:283d grants:19 src:1"
"Zingo Labs Hackfest",58,0,0,37,204,"","karma-gap",0.2,0.8,"Limited environmental focus, significant technical needs, some funding available","[':']","fund:0 recency:204d grants:37 src:1"
"Mi Costa de Oro",58,3323,0,18,283,"gap.karmahq.xyz","karma-gap",0.8,0.6,"Regenerative learning model, but unclear environmental impact","['email:info@karmahq.xyz','email:info@karmahq.xyz','github:orgs','twitter:kmllcw3','email:info@karmahq.xyz']","fund:3323 recency:283d grants:18 src:1"
"Chainlink",58,1000000,0,2,659,"chain.link","karma-gap",0.2,0.8,"Limited environmental focus, significant technical needs, moderate funding","['email:press@chain.link','email:press@chain.link','github:phanstudio','twitter:chainlink','email:press@chain.link']","fund:1000000 recency:659d grants:2 src:1"
"Repscan",58,729,0,20,180,"trynoah.ai","karma-gap",0.2,0.8,"Limited environmental focus, requires technical expertise, some funding available","['github:chigozie0706','twitter:chigoziejacob1']","fund:729 recency:180d grants:20 src:1"
"Hairdo",58,696,0,15,275,"famile.xyz","karma-gap",0.5,0.8,"Limited environmental focus, significant technical needs, limited funds","['email:hello@famile.xyz','email:hello@famile.xyz','email:care@famile.xyz','email:partners@famile.xyz','email:care@famile.xyz','email:partners@famile.xyz','email:hello@famile.xyz','email:care@famile.xyz','email:partners@famile.xyz','github:thisyearnofear','twitter:papajimjams']","fund:696 recency:275d grants:15 src:1"
"ContriBoost",58,2450,0,17,299,"faucetdrops.io","karma-gap",0.8,0.6,"Blockchain-based platforms for social impact and community engagement","['email:drops.faucet@gmail.com','email:drops.faucet@gmail.com','github:jerydam','twitter:faucetdrops','email:drops.faucet@gmail.com']","fund:2450 recency:299d grants:17 src:1"
"GreenSofa",58,5938,0,11,202,"","karma-gap",0,0,"","[':']","fund:5938 recency:202d grants:11 src:1"
"Gardens",57.32,10491,0,23,413,"gardens.fund","artizen-s7,curated,giveth,karma-gap",0.8,0.9,"Next-gen governance, community coordination, and funding platform","['github:1hive']","fund:10491 recency:413d grants:23 src:4"
"EcoSynthesisX DAO",57,13417,0,15,534,"","giveth",0,0,"","[':']","fund:13417 recency:534d grants:15 src:1"
"Giveth Matching Pool",57,427878,0,6,475,"","giveth",0,0,"","[':']","fund:427878 recency:475d grants:6 src:1"
"Bankless Academy",57,2864,0,10,517,"","giveth",0,0,"","[':']","fund:2864 recency:517d grants:10 src:1"
"Earth Commons",57,4409,0,6,582,"","giveth",0,0,"","[':']","fund:4409 recency:582d grants:6 src:1"
"TAS",57,0,0,3,28,"techandsun.xyz","karma-gap",0.8,0.4,"Limited tech expertise, but some funding for development","['twitter:techandsun_ng']","fund:0 recency:28d grants:3 src:1"
"Hypercerts Foundation",57,13979,0,14,542,"","giveth",0,0,"","[':']","fund:13979 recency:542d grants:14 src:1"
"Regens Unite",57,24041,0,20,534,"","giveth",0,0,"","[':']","fund:24041 recency:534d grants:20 src:1"
"EthStaker",57,10299,0,15,612,"","giveth",0,0,"","[':']","fund:10299 recency:612d grants:15 src:1"
"Ybirá",57,100,0,39,475,"agroforestdao.web.app","karma-gap",0.8,0.4,"Partially aligned with regenerative principles, requires technical support, and has limited funds for development","['twitter:agroforestdao']","fund:100 recency:475d grants:39 src:1"
"Tally Ho",56,400000,0,1,892,"tallyho.cash","karma-gap",0.5,0.8,"Limited environmental focus, requires technical expertise, some funding available","['email:your@email.com','email:your@email.com','github:tallycash','twitter:tallycash','email:your@email.com']","fund:400000 recency:892d grants:1 src:1"
"Fairmint",56,250000,0,1,892,"","karma-gap",0,0,"","[':']","fund:250000 recency:892d grants:1 src:1"
"Layer2DAO",56,300000,0,1,892,"layer2dao.org","karma-gap",0.6,0.8,"Invests in L2 protocols, expanding Ethereum ecosystem","['github:layer2dao','twitter:thelayer2dao']","fund:300000 recency:892d grants:1 src:1"
"Filecoin Developer Tooling and Success",56,330000,0,1,282,"","karma-gap",0,0,"","[':']","fund:330000 recency:282d grants:1 src:1"
"Mālama Labs Inc.",56,240000,0,0,240,"malamalabs.com","karma-gap",0.8,0.4,"Carbon removal infrastructure development","['email:hello@malamalabs.com','email:tyler@malamalabs.com','email:hello@malamalabs.com','email:tyler@malamalabs.com','twitter:malamalabs','email:hello@malamalabs.com','email:tyler@malamalabs.com']","fund:240000 recency:240d grants:0 src:1"
"Filecoin Retrieval Checkers as FWS Services",56,356000,0,1,282,"","karma-gap",0,0,"","[':']","fund:356000 recency:282d grants:1 src:1"
"Messari",56,365000,0,1,892,"messari.io","karma-gap",0.2,0.8,"Limited environmental focus, significant dev requirements, and moderate funding","['twitter:messaricrypto']","fund:365000 recency:892d grants:1 src:1"
"ETH Pura Vida",55,7000,0,4,280,"","karma-gap",0,0,"","[':']","fund:7000 recency:280d grants:4 src:1"
"Pairwise: Simplifying Choices, Amplifying Voices",55,6429,0,13,542,"pairwise.generalmagic.io","giveth,karma-gap",0.2,0.8,"Not explicitly stated, but may have some environmental focus","['twitter:generalmagicio']","fund:6429 recency:542d grants:13 src:2"
"Week in PGF",55,4197,0,12,517,"paragraph.xyz","giveth,karma-gap",0.2,0.8,"Limited environmental focus, requires technical expertise, has some funds for dev","['twitter:eisodosmedia']","fund:4197 recency:517d grants:12 src:2"
"dm3 protocol",55,50000,0,8,682,"dm3.network","karma-gap",0.8,0.2,"Decentralized, secure, and scalable messaging for environmental impact","['github:corpus-io','twitter:dm3protocol']","fund:50000 recency:682d grants:8 src:1"
"Zazelenimo",55,80000,0,5,527,"muqa.org","karma-gap",0,0,"","['github:muqa-org']","fund:80000 recency:527d grants:5 src:1"
"Regenerative | Insights & Liquidity",55,8226,0,4,337,"regenerative.fi","karma-gap",0.8,0.6,"Grant-funded, onchain primitives, but unclear environmental focus","['twitter:regenerativefi']","fund:8226 recency:337d grants:4 src:1"
"Revoke.cash",55,53697,0,13,517,"","giveth",0,0,"","[':']","fund:53697 recency:517d grants:13 src:1"
"FlowState",55,9697,0,15,384,"flowstate.network","giveth,karma-gap",0.8,0.6,"Funding public goods, but unclear environmental impact","[':']","fund:9697 recency:384d grants:15 src:2"
"ShapeShift DAO",55,203183,0,5,682,"","giveth",0,0,"","[':']","fund:203183 recency:682d grants:5 src:1"
"Dappnode",55,70002,0,9,517,"","giveth",0,0,"","[':']","fund:70002 recency:517d grants:9 src:1"
"Thales",54,1150000,0,2,882,"thalesmarket.io","karma-gap",0.2,0.8,"Not primarily focused on environmental impact, but has potential for adaptation","['twitter:thales_io']","fund:1150000 recency:882d grants:2 src:1"
"IPNI: Interplanetary Network Indexer",54,0,0,2,57,"","karma-gap",0,0,"","[':']","fund:0 recency:57d grants:2 src:1"
"Tarot",54,1140000,0,2,882,"tarotdao.site","karma-gap",0.2,0.8,"Limited environmental focus, but potential for growth","['twitter:tarot_dao']","fund:1140000 recency:882d grants:2 src:1"
"Forest - an efficient and lightweight Filecoin Node",54,0,0,2,57,"","karma-gap",0,0,"","[':']","fund:0 recency:57d grants:2 src:1"
"Compound Community Portfolio",54,25000,0,2,283,"compcomm.club","karma-gap",0.2,0.8,"Limited DeFi focus, needs technical expertise, some funding available","[':']","fund:25000 recency:283d grants:2 src:1"
"Kwenta Protocol",54,1100000,0,2,892,"kwenta.eth.limo","karma-gap",0.5,0.8,"Grant funding and NFT-based referral system, but unclear environmental impact","['github:kwenta','twitter:kwenta_io']","fund:1100000 recency:892d grants:2 src:1"
"GM on Celo",53,0,0,5,279,"","karma-gap",0.2,0.8,"Lack of real-time gas price visibility hinders optimization","[':']","fund:0 recency:279d grants:5 src:1"
"DeCleanup Network",53,10000,0,7,309,"decleanup.net","karma-gap",0.8,0.4,"Multichain infrastructure for environmental cleanup actions","['github:decleanup-network','twitter:decleanupnet']","fund:10000 recency:309d grants:7 src:1"
"Helpio",53,0,0,7,284,"helpio.onrender.com","karma-gap",0.2,0.8,"Lack of technical expertise in blockchain development","['github:deshadev']","fund:0 recency:284d grants:7 src:1"
"HUB Portal Chat",53,0,0,7,308,"","karma-gap",0,1,"Lack of technical expertise and limited funds","[':']","fund:0 recency:308d grants:7 src:1"
"AgroforestDAO",53,0,0,18,196,"","artizen-s7",0,0,"","[':']","fund:0 recency:196d grants:18 src:1"
"StereumLabs",53,25500,0,5,126,"stereum.net","karma-gap",0.5,0.8,"Limited environmental focus, significant tech support required, limited funds","['email:office@stereum.com','email:noffice@stereum.com','email:mathemagician@web3.9dcc.xyz','email:office@stereum.com','email:noffice@stereum.com','twitter:stereumdev','email:office@stereum.com','email:noffice@stereum.com']","fund:25500 recency:126d grants:5 src:1"
"Cosmic",53,0,0,13,281,"","karma-gap",0.2,0.8,"Lack of tech expertise, some funding, and unclear environmental impact","[':']","fund:0 recency:281d grants:13 src:1"
"ReFi Barcelona",53,0,0,5,195,"","karma-gap",0,0,"","[':']","fund:0 recency:195d grants:5 src:1"
"Titanium-Solar Interaction Protocol",53,120000,0,1,413,"","karma-gap",0.3,0.8,"Limited environmental focus, requires technical expertise, some funding available","[':']","fund:120000 recency:413d grants:1 src:1"
"VoiceDeck",53,0,0,6,317,"app.voicedeck.org","karma-gap",0.2,0.8,"Marketplace for impact certificates, but unclear environmental focus","['twitter:voicedeckdao']","fund:0 recency:317d grants:6 src:1"
"IDRA",53,0,0,10,304,"","karma-gap",0.5,0.8,"Limited environmental focus, requires technical expertise, uncertain funding","[':']","fund:0 recency:304d grants:10 src:1"
"Giveth",53,40000,0,18,283,"","karma-gap",0,0,"","[':']","fund:40000 recency:283d grants:18 src:1"
"Irthu",53,0,0,22,283,"atlantisp2p.com","karma-gap",0.5,0.8,"Limited environmental focus, significant coordination needs, limited financial resources","['github:atlantisdao1','twitter:atlantis_p2p']","fund:0 recency:283d grants:22 src:1"
"FREEDAM",53,0,0,22,283,"notion.so","karma-gap",0.2,0.8,"Lack of technical expertise in economics and governance","['twitter:0xurbanika']","fund:0 recency:283d grants:22 src:1"
"Wayst Recycling",53,0,0,5,318,"waystrecycling.com","karma-gap",0.8,0.9,"Decentralized recycling platform with environmental impact","['github:wayst-recycling','twitter:recycleoncarus']","fund:0 recency:318d grants:5 src:1"
"CeloColombia DeFi Bootcamp",53,0,0,7,314,"cold-briu.github.io","karma-gap",0.2,0.8,"Bootcamp for junior devs, Celo ecosystem focus","['github:augustoalegon','twitter:alexiismarz']","fund:0 recency:314d grants:7 src:1"
"Rankify",52,72,0,9,497,"peeramid.network","karma-gap",0.2,0.8,"Lack of technical expertise, potential for environmental impact","['github:peeramid-labs','twitter:peeramid_labs']","fund:72 recency:497d grants:9 src:1"
"Open Source Observer",52,4587,0,14,451,"","giveth",0,0,"","[':']","fund:4587 recency:451d grants:14 src:1"
"Gravity DAO",52,6027,0,7,517,"","giveth",0,0,"","[':']","fund:6027 recency:517d grants:7 src:1"
"ReFi Mexico",52,3612,0,8,510,"refimexico.org","karma-gap",0.8,0.4,"NFT Impact Minter for environmental impact tokenization","['github:refimexico','twitter:refimexico']","fund:3612 recency:510d grants:8 src:1"
"Know Your Human",52,0,0,3,178,"communitysustainability.ca","karma-gap",0.2,0.8,"Limited environmental focus, requires technical expertise","['github:explorience','twitter:heenalr']","fund:0 recency:178d grants:3 src:1"
"DeSci LATAM",52,4990,0,12,533,"descilatam.org","karma-gap",0.8,0.4,"Fostering scientific advancement in Latin America, not explicitly regenerative","['twitter:descilatam']","fund:4990 recency:533d grants:12 src:1"
"Closer - Digital access to co-owned villages",52,179,0,5,483,"closer.earth","karma-gap",0.8,0.6,"Conservation focus, some tech expertise, limited funds","['email:space@traditionaldreamfactory.com','email:space@traditionaldreamfactory.com','email:john@doe.com','email:team@closer.earth','email:john@doe.com','email:team@closer.earth','email:space@traditionaldreamfactory.com','email:john@doe.com','email:team@closer.earth','github:closerdao','twitter:closerearth']","fund:179 recency:483d grants:5 src:1"
"GlidePay",52,57,0,7,381,"glide-pay.onrender.com","karma-gap",0.2,0.8,"Limited environmental focus, requires technical expertise, some funding available","['github:edcode-bot','twitter:rockchain_9']","fund:57 recency:381d grants:7 src:1"
"Have I Been Rekt?",52,0,0,6,533,"beenrekt.com","karma-gap",0.2,0.8,"Limited environmental focus, technical expertise required, no clear funding","['twitter:climaterace']","fund:0 recency:533d grants:6 src:1"
"Afo",52,56,0,6,490,"warpcast.com","karma-gap",0.5,0.8,"Building tools for Greenpill Network, but unclear on environmental impact","['github:sogobanwo','twitter:greenpill']","fund:56 recency:490d grants:6 src:1"
"Kolektivo Network",52,1802,0,8,532,"","giveth",0,0,"","[':']","fund:1802 recency:532d grants:8 src:1"
"Citizen Wallet",52,24,0,8,430,"citizenwallet.xyz","karma-gap",0.5,1,"Not explicitly stated, but may have potential for environmental impact","['twitter:citizenwallet']","fund:24 recency:430d grants:8 src:1"
"South Africa Rail & Ports Sector Governance and Skills Development",51,80000000,0,1,20713,"","worldbank",0,0,"","[':']","fund:80000000 recency:20713d grants:1 src:1"
"Ankr - Filecoin Public Endpoint Infrastructure",51,0,0,1,65,"","karma-gap",0,0,"","[':']","fund:0 recency:65d grants:1 src:1"
"Impact Evaluation Foundation (IEF.wiki)",51,26000,0,3,682,"ief.wiki","karma-gap",0,0,"","['email:hello@ief.wiki','email:hello@ief.wiki','twitter:danielofanu','email:hello@ief.wiki']","fund:26000 recency:682d grants:3 src:1"
"The GARD Protocol",51,1000000,0,1,892,"algogard.com","karma-gap",0.8,0.4,"Grant-funded, environmental focus, some dev expertise, significant funding","['twitter:algogard']","fund:1000000 recency:892d grants:1 src:1"
"Yearn",51,1000000,0,1,892,"yearn.finance","karma-gap",0.2,0.8,"Lack of technical expertise in DeFi development","['twitter:iearnfinance']","fund:1000000 recency:892d grants:1 src:1"
"Celer Network",51,1000000,0,1,892,"celer.network","karma-gap",0.2,0.8,"Blockchain interoperability, DeFi, GameFi, NFTs, governance","['email:info@celer.network','email:info@celer.network','twitter:celernetwork','email:info@celer.network']","fund:1000000 recency:892d grants:1 src:1"
"ReFi DAO | Unlocking a Global Regen CoordiNATION",51,13601,0,2,542,"","giveth,karma-gap",0,0,"","[':']","fund:13601 recency:542d grants:2 src:2"
"Decentralized Cleanup Network",51,12739,0,3,537,"","giveth",0,0,"","[':']","fund:12739 recency:537d grants:3 src:1"
"Synapse Protocol",51,1000000,0,1,892,"synapseprotocol.com","karma-gap",0.2,0.8,"Blockchain infrastructure development","['twitter:synapseprotocol']","fund:1000000 recency:892d grants:1 src:1"
"Focus Pet",51,0,0,1,79,"focus-pet.xyz","karma-gap",0.8,0.4,"Blockchain-based productivity companion with regenerative economy focus","['github:0xolivanode','twitter:focuspet4062']","fund:0 recency:79d grants:1 src:1"
"Stargate Finance",51,1000000,0,1,892,"stargate.finance","karma-gap",0.2,0.8,"Liquidity transport protocol, not explicitly regenerative, but has potential for impact","['twitter:stargatefinance']","fund:1000000 recency:892d grants:1 src:1"
"SEC-TEST EEV005 CPWG ARB 20260806",51,424242,0,1,41,"","karma-gap",0,0,"","[':']","fund:424242 recency:41d grants:1 src:1"
"Perpetual Protocol",51,9000000,0,1,892,"perp.com","karma-gap",0.2,0.8,"Limited environmental focus, significant tech debt","['twitter:perpprotocol']","fund:9000000 recency:892d grants:1 src:1"
"Hop Protocol",51,1000000,0,1,892,"hop.exchange","karma-gap",0.8,0.4,"Grant funding, environmental focus, but unclear dev needs","['twitter:hopprotocol']","fund:1000000 recency:892d grants:1 src:1"
"Inverter Network",51,50000,0,5,734,"inverter.network","karma-gap",0.2,0.8,"Grant funding, but unclear regenerative focus","['twitter:inverternetwork']","fund:50000 recency:734d grants:5 src:1"
"Wildcards Protocol",51,45000,0,3,682,"wildcards.wtf","karma-gap",0,1,"Not explicitly stated, unclear on environmental impact","['twitter:wildcardswtf']","fund:45000 recency:682d grants:3 src:1"
"Vibo",50,0,0,4,285,"nanopay.live","karma-gap",0.2,0.8,"Tokenized communities, gasless transfers, and Aave savings","['github:mbarbosa30','twitter:vibomarket']","fund:0 recency:285d grants:4 src:1"
"Hypercert",50,0,0,5,638,"","hypercerts,karma-gap",0,0,"","[':']","fund:0 recency:638d grants:5 src:2"
".sdvs",50,0,0,4,333,"","karma-gap",0.2,0.8,"Limited environmental focus, but unclear impact; requires technical expertise; has some funding","[':']","fund:0 recency:333d grants:4 src:1"
"Another World",49,50000,0,1,892,"anotherworld.gg","karma-gap",0.8,0.9,"NFTs, open-world game, web3, community","['twitter:anotherworlddao']","fund:50000 recency:892d grants:1 src:1"
"Rubicon",49,1100000,0,2,882,"","karma-gap",0,0,"","[':']","fund:1100000 recency:882d grants:2 src:1"
"Atlantis World",49,50000,0,1,892,"atlantis.world","karma-gap",0,0,"","['twitter:atlantis0x']","fund:50000 recency:892d grants:1 src:1"
"Crypto Commons Association",49,5484,0,2,238,"","giveth",0,0,"","[':']","fund:5484 recency:238d grants:2 src:1"
"Unma",49,112,0,2,354,"","karma-gap",0,0,"","[':']","fund:112 recency:354d grants:2 src:1"
"MUX Protocol",49,500000,0,2,882,"","karma-gap",0,0,"","[':']","fund:500000 recency:882d grants:2 src:1"
"chatWallet",49,500,0,4,537,"chatwallet-x.web.app","karma-gap",0,0,"","['email:emn178@gmail.com','email:emn178@gmail.com','twitter:xunorus','email:emn178@gmail.com']","fund:500 recency:537d grants:4 src:1"
"Diamante Bridge Collective",49,80089,0,1,748,"","giveth",0,0,"","[':']","fund:80089 recency:748d grants:1 src:1"
"Cos72",49,2000,0,4,572,"aastar.io","karma-gap",0,0,"","['twitter:aastarcommunity']","fund:2000 recency:572d grants:4 src:1"
"Extra Finance",49,104000,0,1,892,"app.extrafi.io","karma-gap",0.5,0.8,"LYF Protocol on Optimism Mainnet, leveraged yield farming","['twitter:extrafi_io']","fund:104000 recency:892d grants:1 src:1"
"Fil Note",49,100000,0,1,282,"","karma-gap",0,0,"","[':']","fund:100000 recency:282d grants:1 src:1"
"Angle Protocol",49,250000,0,2,882,"","karma-gap",0,0,"","[':']","fund:250000 recency:882d grants:2 src:1"
"Mozambique Conservation Areas for Biodiversity and Development Project",49,85000000,0,2,20713,"","worldbank",0,0,"","[':']","fund:85000000 recency:20713d grants:2 src:1"
"game_spin",49,100000,0,1,306,"faet.io","karma-gap",0,0,"","['twitter:home']","fund:100000 recency:306d grants:1 src:1"
"Via Protocol",49,250000,0,2,892,"via.exchange","karma-gap",0,0,"","['twitter:via_protocol']","fund:250000 recency:892d grants:2 src:1"
"VUC",48,0,0,0,55,"","karma-gap",0,0,"","[':']","fund:0 recency:55d grants:0 src:1"
"Petition.io",48,0,0,0,64,"petition.io","karma-gap",0,0,"","['twitter:petitionio']","fund:0 recency:64d grants:0 src:1"
"Greenpill Dev Guild",48,13544,0,20,130,"","giveth",0,0,"","[':']","fund:13544 recency:130d grants:20 src:1"
"SubPay",48,1086,0,15,194,"africycle.xyz","karma-gap",0,0,"","['github:kanasjnr','twitter:fxremit']","fund:1086 recency:194d grants:15 src:1"
"GEN Ukraine",48,12800,0,9,226,"genukraine.com.ua","karma-gap",0,0,"","['email:genukraine2018@gmail.com','email:genukraine2018@gmail.com','twitter:gen_ukraine','email:genukraine2018@gmail.com']","fund:12800 recency:226d grants:9 src:1"
"ReFi Nairobi",48,0,0,6,759,"solarpunknomads.xyz","karma-gap",0,0,"","['twitter:refinairobi']","fund:0 recency:759d grants:6 src:1"
"Ecofrontiers",48,16530,0,17,283,"ecofrontiers.app","karma-gap",0,0,"","['twitter:ecofrontiers']","fund:16530 recency:283d grants:17 src:1"
"HealFi",48,25,0,6,317,"","karma-gap",0,0,"","[':']","fund:25 recency:317d grants:6 src:1"
"cPiggy",48,1279,0,23,331,"copwrapper.xyz","karma-gap",0,0,"","['github:tucopfinance']","fund:1279 recency:331d grants:23 src:1"
"cr8or",48,1062,0,15,283,"celorean.school","karma-gap",0,0,"","['github:soomtochukwu']","fund:1062 recency:283d grants:15 src:1"
"Canvassing",48,775,0,12,302,"thecanvassing.framer.website","karma-gap",0,0,"","['github:andrewkimjoseph','twitter:thecanvassing']","fund:775 recency:302d grants:12 src:1"
"Ethereum Attestation Service",48,12537,0,2,517,"","giveth",0,0,"","[':']","fund:12537 recency:517d grants:2 src:1"
"Sentry",48,162,0,13,184,"bountyclaw.up.railway.app","karma-gap",0,0,"","['github:bobeu']","fund:162 recency:184d grants:13 src:1"
"Autoflow",48,68,0,19,306,"","karma-gap",0,0,"","[':']","fund:68 recency:306d grants:19 src:1"
"Dezenmart",48,205,0,6,300,"","karma-gap",0,0,"","[':']","fund:205 recency:300d grants:6 src:1"
"Bitsave Protocol",48,1961,0,10,236,"bitsave.io","karma-gap",0,0,"","['github:cryptosmartnow','twitter:bitsaveprotocol']","fund:1961 recency:236d grants:10 src:1"
"MiloFX",48,412,0,8,214,"agenthaus.space","karma-gap",0,0,"","['github:olisehgenesis']","fund:412 recency:214d grants:8 src:1"
"BuilderPay_MCP",48,0,0,6,357,"","karma-gap",0,0,"","[':']","fund:0 recency:357d grants:6 src:1"
"ReFi Medellin",48,25159,0,2,542,"","giveth",0,0,"","[':']","fund:25159 recency:542d grants:2 src:1"
"Sov Seas",48,3838,0,14,286,"","karma-gap",0,0,"","[':']","fund:3838 recency:286d grants:14 src:1"
"Grassroots Economics",48,21424,0,6,294,"","giveth",0,0,"","[':']","fund:21424 recency:294d grants:6 src:1"
"Blockchain CO2e Emissions Calculator",48,2320,0,5,759,"mentholprotocol.com","karma-gap",0,0,"","[':']","fund:2320 recency:759d grants:5 src:1"
"Landia",47,0,0,6,682,"landia.world","karma-gap",0,0,"","['twitter:landiaregen']","fund:0 recency:682d grants:6 src:1"
"EVMcrispr",47,14932,0,7,682,"","giveth",0,0,"","[':']","fund:14932 recency:682d grants:7 src:1"
"FORK FOREST",47,0,0,7,524,"forkdaogov.xyz","karma-gap",0,0,"","['twitter:forkdaoes']","fund:0 recency:524d grants:7 src:1"
"WebHash",47,23628,0,7,517,"","giveth",0,0,"","[':']","fund:23628 recency:517d grants:7 src:1"
"Public Nouns Operations",47,17133,0,5,470,"","giveth",0,0,"","[':']","fund:17133 recency:470d grants:5 src:1"
"ApeWorX",47,0,0,5,537,"apeworx.io","karma-gap",0,0,"","['twitter:apeframework']","fund:0 recency:537d grants:5 src:1"
"Layer3",47,11027,0,2,981,"","giveth,hypercerts",0,0,"","[':']","fund:11027 recency:981d grants:2 src:2"
"Carmine Finance",47,0,0,5,682,"carmine.finance","karma-gap",0,0,"","['twitter:carmineoptions']","fund:0 recency:682d grants:5 src:1"
"PizzaDAO",47,0,0,5,612,"","karma-gap",0,0,"","[':']","fund:0 recency:612d grants:5 src:1"
"MesoReefDAO ~ Regenerating Reef Conservation with DeSci Web3 tools",47,0,0,20,534,"","karma-gap",0,0,"","[':']","fund:0 recency:534d grants:20 src:1"
"Chatafisha",47,0,0,11,533,"chatafisha.com","karma-gap",0,0,"","['twitter:chatafisha']","fund:0 recency:533d grants:11 src:1"
"GrowThePie",47,35000,0,14,533,"growthepie.xyz","karma-gap",0,0,"","['email:contact@growthepie.com','email:contact@growthepie.com','twitter:growthepie_eth','email:contact@growthepie.com']","fund:35000 recency:533d grants:14 src:1"
"eth.limo",47,30485,0,8,534,"","giveth",0,0,"","[':']","fund:30485 recency:534d grants:8 src:1"
"TEC Alpha",47,0,0,6,505,"hub.xyz","karma-gap",0,0,"","['email:hello@hub.xyz','email:hello@hub.xyz','twitter:astroguysdao','email:hello@hub.xyz']","fund:0 recency:505d grants:6 src:1"
"BetOracle",47,0,0,3,180,"","karma-gap",0,0,"","[':']","fund:0 recency:180d grants:3 src:1"
"ReFi Cape Town",47,0,0,5,533,"reficapetown.co.za","karma-gap",0,0,"","['twitter:reficapetown']","fund:0 recency:533d grants:5 src:1"
"Kokonut Onchain Network",47,0,0,12,470,"kokonut.network","karma-gap",0,0,"","['github:wasalo']","fund:0 recency:470d grants:12 src:1"
"Vyper",47,35169,0,7,447,"","giveth",0,0,"","[':']","fund:35169 recency:447d grants:7 src:1"
"LunCo: complex systems design",47,0,0,12,534,"lunco.space","karma-gap",0,0,"","['email:contacts@lunco.space','email:contacts@lunco.space','github:luncosim','twitter:luncosim','email:contacts@lunco.space']","fund:0 recency:534d grants:12 src:1"
"Lucred",47,400000,0,3,280,"","karma-gap",0,0,"","[':']","fund:400000 recency:280d grants:3 src:1"
"AsteriskDAO",47,0,0,6,533,"asteriskdao.xyz","karma-gap",0,0,"","['twitter:asteriskdao']","fund:0 recency:533d grants:6 src:1"
"Kernel",47,0,0,6,598,"kernel.community","karma-gap",0,0,"","['twitter:body_by_onio']","fund:0 recency:598d grants:6 src:1"
"Project Merlin",47,75000,0,2,279,"projectmerlin.io","karma-gap",0,0,"","['twitter:projectmerlinio']","fund:75000 recency:279d grants:2 src:1"
"Latina Blockchain Hackathon",47,5000,0,3,825,"hiwomenbiz.com","karma-gap",0,0,"","['twitter:hiwomenbiz']","fund:5000 recency:825d grants:3 src:1"
"Towards Symbiocracy",47,0,0,5,524,"kumu.io","karma-gap",0,0,"","['email:name@company.com','email:support@kumu.io','email:name@company.com','email:support@kumu.io','twitter:symbioorg','email:name@company.com','email:support@kumu.io']","fund:0 recency:524d grants:5 src:1"
"Meg Rivers Regen Citizen",47,0,0,5,682,"bloomnetwork.earth","karma-gap",0,0,"","['email:community@bloomnetwork.earth','email:community@bloomnetwork.earth','twitter:ourbloomnetwork','email:community@bloomnetwork.earth']","fund:0 recency:682d grants:5 src:1"
"PollPal",47,0,0,11,517,"luckybet.pink","karma-gap",0,0,"","['twitter:arattalabs']","fund:0 recency:517d grants:11 src:1"
"ReFi Phangan - Land, Community & Web3 Impact",47,0,0,10,494,"","karma-gap",0,0,"","[':']","fund:0 recency:494d grants:10 src:1"
"Earthist Seeds for Regeneration",47,0,0,15,517,"earthist.network","karma-gap",0,0,"","['email:regen@earthist.network','email:regen@earthist.network','github:orgs','twitter:earthistdao','email:regen@earthist.network']","fund:0 recency:517d grants:15 src:1"
"MetaGov",47,0,0,12,542,"metagov.org","karma-gap",0,0,"","[':']","fund:0 recency:542d grants:12 src:1"
"zenbit.eth",47,0,0,8,682,"badges.zenbit.mx","karma-gap",0,0,"","['twitter:kolektivolabs']","fund:0 recency:682d grants:8 src:1"
"Praise",47,0,0,18,638,"givepraise.xyz","karma-gap",0,0,"","[':']","fund:0 recency:638d grants:18 src:1"
"Web3beach",47,0,0,6,713,"web3beach.io","karma-gap",0,0,"","['twitter:carlosjmelgar']","fund:0 recency:713d grants:6 src:1"
"BÚAN_fund",47,0,0,5,532,"ethereumlocalism.xyz","karma-gap",0,0,"","['email:etherealforest.eth@protonmail.com','email:etherealforest.eth@protonmail.com','twitter:desciresearch','email:etherealforest.eth@protonmail.com']","fund:0 recency:532d grants:5 src:1"
"Pairwise",47,0,0,14,533,"pairwise.vote","karma-gap",0,0,"","['twitter:pairwisevote']","fund:0 recency:533d grants:14 src:1"
"Project OSISI",47,0,0,11,524,"osisi.earth","karma-gap",0,0,"","['twitter:refilagos01']","fund:0 recency:524d grants:11 src:1"
"Ama Earth Group",47,0,0,7,682,"","karma-gap",0,0,"","[':']","fund:0 recency:682d grants:7 src:1"
"Trustful",47,0,0,6,682,"blockful.io","karma-gap",0,0,"","['twitter:blockful_io']","fund:0 recency:682d grants:6 src:1"
"$EARTH - Oss",47,0,0,19,537,"solarpunkdao.earth","karma-gap",0,0,"","['twitter:so']","fund:0 recency:537d grants:19 src:1"
"BrightID",47,0,0,8,535,"brightid.org","karma-gap",0,0,"","[':']","fund:0 recency:535d grants:8 src:1"
"ReFi Prague",47,0,0,23,470,"refidao.com","karma-gap",0,0,"","['twitter:daliborcerny']","fund:0 recency:470d grants:23 src:1"
"Protocol Guild",47,30208,0,11,441,"","giveth",0,0,"","[':']","fund:30208 recency:441d grants:11 src:1"
"RegenBuild",47,0,0,7,682,"regenbuild.earth","karma-gap",0,0,"","['twitter:regen_earthsoul']","fund:0 recency:682d grants:7 src:1"
"Pacific Islands Regional Oceanscape Program - Republic of the Marshall Islands",46,6750000,0,1,20713,"","worldbank",0,0,"","[':']","fund:6750000 recency:20713d grants:1 src:1"
"Climate-Resilient and Inclusive Livelihoods Project (ProClimat Congo)",46,70000000,0,1,20713,"","worldbank",0,0,"","[':']","fund:70000000 recency:20713d grants:1 src:1"
"BR Sergipe Water",46,70275000,0,1,20713,"","worldbank",0,0,"","[':']","fund:70275000 recency:20713d grants:1 src:1"
"Flow",46,5000,0,1,90,"trenchverse.com","karma-gap",0,0,"","['twitter:trench_verse']","fund:5000 recency:90d grants:1 src:1"
"web3radio",46,0,0,3,537,"radio.spaghett-eth.com","karma-gap",0,0,"","['twitter:spaghetteth']","fund:0 recency:537d grants:3 src:1"
"DJ-Rural Community Development and Water Mobilization Project (PRODERMO)",46,5830000,0,1,20713,"","worldbank",0,0,"","[':']","fund:5830000 recency:20713d grants:1 src:1"
"Integrated Water Management and Development Project",46,280000000,0,1,20713,"","worldbank",0,0,"","[':']","fund:280000000 recency:20713d grants:1 src:1"
"Strengthening Entrepreneurship in Productive Forest Landscapes",46,56000000,0,1,20713,"","worldbank",0,0,"","[':']","fund:56000000 recency:20713d grants:1 src:1"
"EAS Pulse",46,3523,0,3,533,"","giveth",0,0,"","[':']","fund:3523 recency:533d grants:3 src:1"
"xToken Terminal and Gamma Strategies",46,900000,0,1,892,"","karma-gap",0,0,"","[':']","fund:900000 recency:892d grants:1 src:1"
"Balaio",46,4500,0,1,86,"usebalaio.com","karma-gap",0,0,"","[':']","fund:4500 recency:86d grants:1 src:1"
"Gaia Gives",46,14443,0,1,20713,"","giveth",0,0,"","[':']","fund:14443 recency:20713d grants:1 src:1"
"Montenegro Forest for Shared Prosperity",46,21500000,0,1,20713,"","worldbank",0,0,"","[':']","fund:21500000 recency:20713d grants:1 src:1"
"Reforestation on Degraded Land in Northwest Guangxi",46,5520000,0,1,20713,"","worldbank",0,0,"","[':']","fund:5520000 recency:20713d grants:1 src:1"
"Liberia Forest Economy Project (LiFE-P)",46,40000000,0,1,20713,"","worldbank",0,0,"","[':']","fund:40000000 recency:20713d grants:1 src:1"
"Türkiye Water Circularity and Efficiency Improvement Project",46,434596512,0,1,20713,"","worldbank",0,0,"","[':']","fund:434596512 recency:20713d grants:1 src:1"
"Communal Climate Action and Landscape Management Project",46,113000000,0,1,20713,"","worldbank",0,0,"","[':']","fund:113000000 recency:20713d grants:1 src:1"
"Blue Capital for Prosperity and Climate Resilience",46,10000000,0,1,20713,"","worldbank",0,0,"","[':']","fund:10000000 recency:20713d grants:1 src:1"
"Second Climate Change DPO",46,50000000,0,1,20713,"","worldbank",0,0,"","[':']","fund:50000000 recency:20713d grants:1 src:1"
"Abracadabra Money",46,800000,0,1,892,"abracadabra.money","karma-gap",0,0,"","['twitter:mim_spell']","fund:800000 recency:892d grants:1 src:1"
"Mali Water Security Project",46,100000000,0,1,20713,"","worldbank",0,0,"","[':']","fund:100000000 recency:20713d grants:1 src:1"
"BI - Agro-Pastoral Productivity and Markets Development Project",46,43000000,0,1,20713,"","worldbank",0,0,"","[':']","fund:43000000 recency:20713d grants:1 src:1"
"MP FORESTRY",46,58000000,0,1,20713,"","worldbank",0,0,"","[':']","fund:58000000 recency:20713d grants:1 src:1"
"Second Community Action for Landscape Management Program for Results",46,200000000,0,1,20713,"","worldbank",0,0,"","[':']","fund:200000000 recency:20713d grants:1 src:1"
"Forest Sector Development Project Additional Financing",46,30000000,0,1,20713,"","worldbank",0,0,"","[':']","fund:30000000 recency:20713d grants:1 src:1"
"Ecosystem Conservation and Management",46,45000000,0,1,20713,"","worldbank",0,0,"","[':']","fund:45000000 recency:20713d grants:1 src:1"
"Bolivia Resilient Water Management for Community and Household Irrigation Project",46,150000000,0,1,20713,"","worldbank",0,0,"","[':']","fund:150000000 recency:20713d grants:1 src:1"
"Karma",46,0,0,13,318,"karmahq.xyz","curated,karma-gap",0,0,"","['email:info@karmahq.xyz','email:info@karmahq.xyz','email:info@karmahq.xyz']","fund:0 recency:318d grants:13 src:2"
"Community Action Program",46,35000000,0,1,20713,"","worldbank",0,0,"","[':']","fund:35000000 recency:20713d grants:1 src:1"
"Malawi Watershed Services Improvement Project",46,157000000,0,1,20713,"","worldbank",0,0,"","[':']","fund:157000000 recency:20713d grants:1 src:1"
"Raptor",46,800000,0,1,892,"","karma-gap",0,0,"","[':']","fund:800000 recency:892d grants:1 src:1"
"Liquity Protocol",46,250000,0,1,892,"liquity.org","karma-gap",0,0,"","['email:contact@liquity.org','email:contact@liquity.org','github:liquity','twitter:liquityprotocol','email:contact@liquity.org']","fund:250000 recency:892d grants:1 src:1"
"Pacific Islands Regional Oceanscape Program - Federated States of Micronesia",46,5500000,0,1,20713,"","worldbank",0,0,"","[':']","fund:5500000 recency:20713d grants:1 src:1"
"Zambia Integrated Forest Landscape Project",46,17000000,0,1,20713,"","worldbank",0,0,"","[':']","fund:17000000 recency:20713d grants:1 src:1"
"WePiggy",46,300000,0,1,892,"wepiggy.com","karma-gap",0,0,"","['twitter:wepiggydotcom']","fund:300000 recency:892d grants:1 src:1"
"Pacific Islands Regional Oceanscape Program - Pacific Islands Forum Fisheries Agency",46,3970000,0,1,20713,"","worldbank",0,0,"","[':']","fund:3970000 recency:20713d grants:1 src:1"
"Inclusive Partnerships for Agrarian Reform Communities",46,351709792,0,1,20713,"","worldbank",0,0,"","[':']","fund:351709792 recency:20713d grants:1 src:1"
"Urban Water Supply and Sanitation Sector Project",46,15000000,0,1,20713,"","worldbank",0,0,"","[':']","fund:15000000 recency:20713d grants:1 src:1"
"Integrated Water Resources Management in Ten Basins",46,40000000,0,1,20713,"","worldbank",0,0,"","[':']","fund:40000000 recency:20713d grants:1 src:1"
"Baghdad Water Supply and Sewerage Improvement Project",46,150000000,0,1,20713,"","worldbank",0,0,"","[':']","fund:150000000 recency:20713d grants:1 src:1"
"Unicorn.eth",46,1490,0,3,517,"","giveth",0,0,"","[':']","fund:1490 recency:517d grants:3 src:1"
"Clean Energy for Vulnerable Households and Communities Project",46,28000000,0,1,20713,"","worldbank",0,0,"","[':']","fund:28000000 recency:20713d grants:1 src:1"
"Socket",46,500000,0,1,892,"socket.tech","karma-gap",0,0,"","['twitter:socketdottech']","fund:500000 recency:892d grants:1 src:1"
"Sweetspot.wtf",46,365,0,3,533,"sweetspot.wtf","karma-gap",0,0,"","['github:handprotocol','twitter:hand_protocol']","fund:365 recency:533d grants:3 src:1"
"Chain.Love",46,500,0,1,56,"filecoin.chain.love","karma-gap",0,0,"","['email:support@chain.love','email:support@chain.love','email:support@chain.love']","fund:500 recency:56d grants:1 src:1"
"Gelato Network",46,300000,0,1,892,"gelato.network","karma-gap",0,0,"","['twitter:gelatonetwork']","fund:300000 recency:892d grants:1 src:1"
"Helios (HLSP)",46,0,0,8,839,"helios.eco","karma-gap,user-token-list",0,0,"","['email:team@helios.eco','email:team@helios.eco','email:team@helios.eco']","fund:0 recency:839d grants:8 src:2"
"Scaling up Finance for Sustainable Agroforestry in Paraguay",46,100000000,0,1,20713,"","worldbank",0,0,"","[':']","fund:100000000 recency:20713d grants:1 src:1"
"Fostering and Leveraging Opportunities for Water Security Program",46,27400000,0,1,20713,"","worldbank",0,0,"","[':']","fund:27400000 recency:20713d grants:1 src:1"
"PoolTogether",46,550000,0,1,892,"pooltogether.com","karma-gap",0,0,"","['twitter:pooltogether_']","fund:550000 recency:892d grants:1 src:1"
"Agroecology and Sustainable Rural Development in Pernambuco",46,50000000,0,1,20713,"","worldbank",0,0,"","[':']","fund:50000000 recency:20713d grants:1 src:1"
"Paraná Water Security Project",46,186000000,0,1,20713,"","worldbank",0,0,"","[':']","fund:186000000 recency:20713d grants:1 src:1"
"Kenya Watershed Services Improvement Project",46,200000000,0,1,20713,"","worldbank",0,0,"","[':']","fund:200000000 recency:20713d grants:1 src:1"
"Hubei Jingzhou Historic Town Conservation Project",46,100000000,0,1,20713,"","worldbank",0,0,"","[':']","fund:100000000 recency:20713d grants:1 src:1"
"Development Response to Displacement Impacts Project in the Horn of Africa Phase II",46,180000000,0,1,20713,"","worldbank",0,0,"","[':']","fund:180000000 recency:20713d grants:1 src:1"
"SICHUAN GAS DEV & CONSERVATION",46,255000000,0,1,20713,"","worldbank",0,0,"","[':']","fund:255000000 recency:20713d grants:1 src:1"
"0x (Zeroex)",46,300000,0,1,892,"","karma-gap",0,0,"","[':']","fund:300000 recency:892d grants:1 src:1"
"Pacific Islands Regional Oceanscape Program - Second Phase for Economic Resilience",46,18000000,0,1,20713,"","worldbank",0,0,"","[':']","fund:18000000 recency:20713d grants:1 src:1"
"Across Protocol",46,750000,0,1,892,"across.to","karma-gap",0,0,"","['twitter:acrossprotocol']","fund:750000 recency:892d grants:1 src:1"
"Forest Investment Project, phase 2",46,140000000,0,1,20713,"","worldbank",0,0,"","[':']","fund:140000000 recency:20713d grants:1 src:1"
"4th Northwest Mountainous & Forested Areas Development Project (PNO4)",46,41600000,0,1,20713,"","worldbank",0,0,"","[':']","fund:41600000 recency:20713d grants:1 src:1"
"Volcanoes Community Resilience Project",46,50000000,0,1,20713,"","worldbank",0,0,"","[':']","fund:50000000 recency:20713d grants:1 src:1"
"Water Conservation Project II",46,80000000,0,1,20713,"","worldbank",0,0,"","[':']","fund:80000000 recency:20713d grants:1 src:1"
"Ooki Protocol",46,700000,0,1,892,"ooki.cc","karma-gap",0,0,"","['twitter:ookitrade']","fund:700000 recency:892d grants:1 src:1"
"Scaling-up Locally Led Climate Action Program",46,100000000,0,1,20713,"","worldbank",0,0,"","[':']","fund:100000000 recency:20713d grants:1 src:1"
"Pika Protocol",46,900000,0,1,892,"pikaprotocol.com","karma-gap",0,0,"","['twitter:pikaprotocol']","fund:900000 recency:892d grants:1 src:1"
"Sustainable Ecosystem Restoration and Biodiversity Conservation Project",46,100000000,0,1,20713,"","worldbank",0,0,"","[':']","fund:100000000 recency:20713d grants:1 src:1"
"CN-Energy Conservation",46,63000000,0,1,20713,"","worldbank",0,0,"","[':']","fund:63000000 recency:20713d grants:1 src:1"
"Uttarakhand Decentralized Watershed Development II Project",46,121200000,0,1,20713,"","worldbank",0,0,"","[':']","fund:121200000 recency:20713d grants:1 src:1"
"Sustainable Congo Basin Forest Economies",46,385830016,0,1,20713,"","worldbank",0,0,"","[':']","fund:385830016 recency:20713d grants:1 src:1"
"Water Efficiency and Conservation MPA - Uzbekistan National Irrigation and Energy Efficiency Improvement Project (Phase",46,200000000,0,1,20713,"","worldbank",0,0,"","[':']","fund:200000000 recency:20713d grants:1 src:1"
"Ethereum Security QF Matching Pool",46,300660,0,1,20713,"","giveth",0,0,"","[':']","fund:300660 recency:20713d grants:1 src:1"
"WashikaDAO",46,1000,0,3,537,"washikadao.on-fleek.app","karma-gap",0,0,"","['github:neda-labs','twitter:nedalabs']","fund:1000 recency:537d grants:3 src:1"
"Dominica: Strengthening Fiscal and Climate Resilience DPC",46,24000000,0,1,20713,"","worldbank",0,0,"","[':']","fund:24000000 recency:20713d grants:1 src:1"
"Vaquita",46,90000,0,2,409,"vaquita.fi","karma-gap",0,0,"","['twitter:vaquitaprotocol']","fund:90000 recency:409d grants:2 src:1"
"Guinea-Bissau Biodiversity Conservation Project",46,1950000,0,1,20713,"","worldbank",0,0,"","[':']","fund:1950000 recency:20713d grants:1 src:1"
"Development Response to Displacement Impacts Project in the HoA",46,175000000,0,1,20713,"","worldbank",0,0,"","[':']","fund:175000000 recency:20713d grants:1 src:1"
"Sustainable Wildlife and Biodiversity Management Project",46,12000000,0,1,20713,"","worldbank",0,0,"","[':']","fund:12000000 recency:20713d grants:1 src:1"
"Cannon",46,50000,0,2,682,"usecannon.com","karma-gap",0,0,"","['github:usecannon']","fund:50000 recency:682d grants:2 src:1"
"Mozambique Forest Investment Project",46,15000000,0,1,20713,"","worldbank",0,0,"","[':']","fund:15000000 recency:20713d grants:1 src:1"
"Katowice Heat Supply & Conservation Project",46,45000000,0,1,20713,"","worldbank",0,0,"","[':']","fund:45000000 recency:20713d grants:1 src:1"
"Polynomial Protocol",46,900000,0,1,892,"polynomial.fi","karma-gap",0,0,"","['email:jobs@polynomial.fi','email:jobs@polynomial.fi','twitter:polynomialfi','email:jobs@polynomial.fi']","fund:900000 recency:892d grants:1 src:1"
"Pacific Islands Regional Oceanscape Program Forum Fisheries Agency",46,3970000,0,1,20713,"","worldbank",0,0,"","[':']","fund:3970000 recency:20713d grants:1 src:1"
"Immunefi Bug Bounty Program for Protocols building on Optimism",46,250000,0,1,892,"immunefi.com","karma-gap",0,0,"","['email:press@immunefi.com','email:support@immunefi.com','email:team@immunefi.com','email:support@immunefi.com','email:team@immunefi.com','email:press@immunefi.com','email:support@immunefi.com','email:team@immunefi.com','twitter:immunefi','email:press@immunefi.com']","fund:250000 recency:892d grants:1 src:1"
"Integrated Forestry Development Project",46,100000000,0,1,20713,"","worldbank",0,0,"","[':']","fund:100000000 recency:20713d grants:1 src:1"
"Congo: Forest and Econ. Diversification Project",46,10000000,0,1,20713,"","worldbank",0,0,"","[':']","fund:10000000 recency:20713d grants:1 src:1"
"Connext",46,300000,0,1,892,"connext.network","karma-gap",0,0,"","['twitter:connextnetwork']","fund:300000 recency:892d grants:1 src:1"
"Central Asia Water Efficiency Cooperation Project",46,20000000,0,1,20713,"","worldbank",0,0,"","[':']","fund:20000000 recency:20713d grants:1 src:1"
"Pacific Islands Regional Oceanscape Program - Tuvalu",46,7000000,0,1,20713,"","worldbank",0,0,"","[':']","fund:7000000 recency:20713d grants:1 src:1"
"Mexico Forests and Climate Change Project",46,350000000,0,1,20713,"","worldbank",0,0,"","[':']","fund:350000000 recency:20713d grants:1 src:1"
"Symphony Finance",46,250000,0,1,892,"symphony.finance","karma-gap",0,0,"","['twitter:symphonyfinance']","fund:250000 recency:892d grants:1 src:1"
"Aave",46,300000,0,1,892,"aavegrants.org","karma-gap",0,0,"","['email:aavegrants@gmail.com','email:aavegrants@gmail.com','twitter:aavegrants','email:aavegrants@gmail.com']","fund:300000 recency:892d grants:1 src:1"
"Brazil: Espirito Santo Water Security Management Project",46,86100000,0,1,20713,"","worldbank",0,0,"","[':']","fund:86100000 recency:20713d grants:1 src:1"
"BarnBridge",46,600000,0,1,892,"barnbridge.com","karma-gap",0,0,"","['twitter:barn_bridge']","fund:600000 recency:892d grants:1 src:1"
"Harnessing the Potential of Forests and Biodiversity for Sustainable Development in Ecuador",46,40000000,0,1,20713,"","worldbank",0,0,"","[':']","fund:40000000 recency:20713d grants:1 src:1"
"The Gambia Water and Sanitation Project",46,30000000,0,1,20713,"","worldbank",0,0,"","[':']","fund:30000000 recency:20713d grants:1 src:1"
"Pacific Islands Regional Oceanscape Program - Solomon Islands",46,6150000,0,1,20713,"","worldbank",0,0,"","[':']","fund:6150000 recency:20713d grants:1 src:1"
